{"min_lat":5.584786605834961e1,"max_lat":5.58868408203125e1,"min_lon":-4.348639488220215e0,"max_lon":-4.233869552612305e0,"n_nodes":79338,"n_buildings":3988,"n_foot":1736,"n_bicycle":0,"n_car":0,"n_rail":395,"n_other":5839}