{"min_lat":5.5663848876953125e1,"max_lat":5.6040985107421875e1,"min_lon":-4.4626078605651855e0,"max_lon":-3.783839225769043e0,"end_nodes":7137736,"end_ways":12932348,"end_refs":12323460}