{"min_lat":5.5850650787353516e1,"max_lat":5.586989212036133e1,"min_lon":-4.271002769470215e0,"max_lon":-4.2292351722717285e0,"n_nodes":8538,"n_buildings":279,"n_foot":387,"n_bicycle":0,"n_car":0,"n_rail":34,"n_other":711}